Наименование;Код продукции;Статус заказа;Дата отгрузки;Номер заказа;Покупатель;Количество
GECO Крем универсальный СП, 100 мл, Лам, Винт;00-000970;Отгрузить;2 февраля 2026 г.;НФ00-003531;Покупатель 9;538
GECO Паста для очистки СП, 200 мл, Экст, Винт;00-000648;Отгрузить;2 февраля 2026 г.;НФ00-003531;Покупатель 9;435
GECO Спрей от пота АНТИБАКТЕР., 100 мл, Флакон, Распылитель;00-001645;Отгрузить;2 февраля 2026 г.;НФ00-003531;Покупатель 9;604
GECO Крем универсальный СП, 100 мл, Лам, Винт;00-000970;Отгрузить;2 февраля 2026 г.;НФ00-003532;Покупатель 9;811
GECO Паста для очистки СП, 200 мл, Экст, Винт;00-000648;Отгрузить;2 февраля 2026 г.;НФ00-003532;Покупатель 9;670
GECO Спрей от насекомых 3в1, 100 мл, Флакон, Распылитель;00-001425;Отгрузить;2 февраля 2026 г.;НФ00-003532;Покупатель 9;34
GECO Спрей от пота АНТИБАКТЕР., 100 мл, Флакон, Распылитель;00-001645;Отгрузить;2 февраля 2026 г.;НФ00-003532;Покупатель 9;1191
GECO Крем универсальный СП, 100 мл, Лам, Винт;00-000970;Отгрузить;2 февраля 2026 г.;НФ00-003533;Покупатель 9;911
GECO Паста для очистки СП, 200 мл, Экст, Винт;00-000648;Отгрузить;2 февраля 2026 г.;НФ00-003533;Покупатель 9;846
GECO Спрей от насекомых 3в1, 100 мл, Флакон, Распылитель;00-001425;Отгрузить;2 февраля 2026 г.;НФ00-003533;Покупатель 9;66
GECO Спрей от пота АНТИБАКТЕР., 100 мл, Флакон, Распылитель;00-001645;Отгрузить;2 февраля 2026 г.;НФ00-003533;Покупатель 9;935
GECO Крем универсальный СП, 100 мл, Лам, Винт;00-000970;Отгрузить;2 февраля 2026 г.;НФ00-003534;Покупатель 9;486
GECO Паста для очистки СП, 200 мл, Экст, Винт;00-000648;Отгрузить;2 февраля 2026 г.;НФ00-003534;Покупатель 9;258
GECO Спрей от насекомых 3в1, 100 мл, Флакон, Распылитель;00-001425;Отгрузить;2 февраля 2026 г.;НФ00-003534;Покупатель 9;2
GECO Спрей от пота АНТИБАКТЕР., 100 мл, Флакон, Распылитель;00-001645;Отгрузить;2 февраля 2026 г.;НФ00-003534;Покупатель 9;486
GECO Крем УФ+мороз, 100 мл, Лам, Винт;00-000838;Отгрузить;2 февраля 2026 г.;НФ00-003535;Покупатель 9;23
GECO Паста для очистки СП, 200 мл, Экст, Винт;00-000648;Отгрузить;2 февраля 2026 г.;НФ00-003535;Покупатель 9;75
GECO Спрей от насекомых 3в1, 100 мл, Флакон, Распылитель;00-001425;Отгрузить;2 февраля 2026 г.;НФ00-003535;Покупатель 9;33
GECO Спрей от пота АНТИБАКТЕР., 100 мл, Флакон, Распылитель;00-001645;Отгрузить;2 февраля 2026 г.;НФ00-003535;Покупатель 9;409
GECO Крем гидрофильный СП, 100 мл, Лам, Винт;00-000968;Отгрузить;3 февраля 2026 г.;НФ00-003540;Покупатель 9;1424
GECO Крем универсальный СП, 100 мл, Лам, Винт;00-000970;Отгрузить;3 февраля 2026 г.;НФ00-003540;Покупатель 9;960
GECO Крем УФ, 100 мл, Лам, Винт;00-000634;Отгрузить;3 февраля 2026 г.;НФ00-003540;Покупатель 9;78
GECO Мыло жидкое, 250 мл, Флакон, Дозатор;00-001233;Отгрузить;3 февраля 2026 г.;НФ00-003540;Покупатель 9;1673
GECO Мыло жидкое, 5 л, Канистра, Крышка;00-000493;Отгрузить;3 февраля 2026 г.;НФ00-003540;Покупатель 9;30
GECO Мыло жидкое, 500 мл, Флакон, Дозатор;00-001783;Отгрузить;3 февраля 2026 г.;НФ00-003540;Покупатель 9;216
GECO Паста для очистки СП, 200 мл, Экст, Винт;00-000648;Отгрузить;3 февраля 2026 г.;НФ00-003540;Покупатель 9;692
GECO Спрей от пота АНТИБАКТЕР., 100 мл, Флакон, Распылитель;00-001645;Отгрузить;3 февраля 2026 г.;НФ00-003540;Покупатель 9;2135
GECO Крем гидрофобный СП, 100 мл, Лам, ФТ;00-000772;Отгрузить;20 февраля 2026 г.;НФ00-001170;Покупатель 25;2668
GECO Крем регенерирующий СП, 100 мл, Лам, ФТ;00-000771;Отгрузить;20 февраля 2026 г.;НФ00-001170;Покупатель 25;5607
GECO Крем УФ, 100 мл, Лам, ФТ;00-000635;Отгрузить;20 февраля 2026 г.;НФ00-001170;Покупатель 25;138
GECO Спрей от насекомых 3в1, 200 мл, Флакон, Распылитель;00-001401;Отгрузить;20 февраля 2026 г.;НФ00-001170;Покупатель 25;1068
GECO Спрей от пота АНТИБАКТЕР., 100 мл, Флакон, Распылитель;00-001645;Отгрузить;20 февраля 2026 г.;НФ00-001170;Покупатель 25;2196
GECO Крем гидрофобный СП, 100 мл, Лам, Винт;00-000967;Отгрузить;14 февраля 2026 г.;НФ00-002698;Покупатель 24;768
GECO Крем мороз, 100 мл, Лам, Винт;00-000631;Отгрузить;14 февраля 2026 г.;НФ00-002698;Покупатель 24;45
GECO Мыло жидкое, 1 л, Флакон, Дозатор;00-000515;Отгрузить;14 февраля 2026 г.;НФ00-002698;Покупатель 24;265
GECO Мыло жидкое, 250 мл, Флакон, Дозатор;00-001233;В работе;31 марта 2026 г.;НФ00-002956;Покупатель 32;180
GECO Крем гидрофильный СП, 100 мл, Лам, Винт;00-000968;В работе;26 марта 2026 г.;НФ00-002979;Покупатель 12;250
GECO Крем гидрофобный СП, 100 мл, Лам, Винт;00-000967;В работе;26 марта 2026 г.;НФ00-002979;Покупатель 12;100
GECO Крем универсальный СП, 100 мл, Лам, Винт;00-000970;В работе;26 марта 2026 г.;НФ00-002979;Покупатель 12;200
GECO Крем УФ, 100 мл, Лам, Винт;00-000634;В работе;26 марта 2026 г.;НФ00-002979;Покупатель 12;250
GECO Крем УФ+мороз, 100 мл, Лам, Винт;00-000838;В работе;26 марта 2026 г.;НФ00-002979;Покупатель 12;100
GECO Мыло жидкое, 250 мл, Флакон, Дозатор;00-001233;В работе;26 марта 2026 г.;НФ00-002979;Покупатель 12;250
GECO Паста для очистки СП, 200 мл, Экст, Винт;00-000648;В работе;26 марта 2026 г.;НФ00-002979;Покупатель 12;1000
GECO Спрей от насекомых 3в1, 200 мл, Флакон, Распылитель;00-001401;В работе;26 марта 2026 г.;НФ00-002979;Покупатель 12;200
GECO Спрей от пота АНТИБАКТЕР., 100 мл, Флакон, Распылитель;00-001645;В работе;26 марта 2026 г.;НФ00-002979;Покупатель 12;500
GECO Крем регенерирующий СП, 100 мл, Лам, ФТ;00-000771;Отгрузить;26 февраля 2026 г.;НФ00-003087;Покупатель 2;3934
GECO Крем универсальный СП, 100 мл, Лам, ФТ;00-001190;Отгрузить;26 февраля 2026 г.;НФ00-003087;Покупатель 2;3385
GECO Крем универсальный СП, 2 л, Картридж, Крышка;00-001417;Отгрузить;26 февраля 2026 г.;НФ00-003087;Покупатель 2;8
GECO Паста для очистки СП, 2 л, Картридж, Крышка;00-001418;Отгрузить;26 февраля 2026 г.;НФ00-003087;Покупатель 2;17
GECO Крем мороз, 100 мл, Лам, ФТ;00-000630;Отгрузить;29 апреля 2026 г.;НФ00-003089;Покупатель 2;83
GECO Крем регенерирующий СП, 100 мл, Лам, ФТ;00-000771;Отгрузить;29 апреля 2026 г.;НФ00-003089;Покупатель 2;10133
GECO Крем универсальный СП, 100 мл, Лам, ФТ;00-001190;Отгрузить;29 апреля 2026 г.;НФ00-003089;Покупатель 2;5712
GECO Крем универсальный СП, 2 л, Картридж, Крышка;00-001417;Отгрузить;29 апреля 2026 г.;НФ00-003089;Покупатель 2;8
GECO Паста для очистки СП, 2 л, Картридж, Крышка;00-001418;Отгрузить;29 апреля 2026 г.;НФ00-003089;Покупатель 2;17
GECO Крем регенерирующий СП, 100 мл, Лам, ФТ;00-000771;Отгрузить;28 мая 2026 г.;НФ00-003090;Покупатель 2;6129
GECO Крем универсальный СП, 100 мл, Лам, ФТ;00-001190;Отгрузить;28 мая 2026 г.;НФ00-003090;Покупатель 2;3959
GECO Крем универсальный СП, 2 л, Картридж, Крышка;00-001417;Отгрузить;28 мая 2026 г.;НФ00-003090;Покупатель 2;8
GECO Паста для очистки СП, 2 л, Картридж, Крышка;00-001418;Отгрузить;28 мая 2026 г.;НФ00-003090;Покупатель 2;17
GECO Крем регенерирующий СП, 100 мл, Лам, ФТ;00-000771;Отгрузить;29 июня 2026 г.;НФ00-003091;Покупатель 2;1356
GECO Крем универсальный СП, 100 мл, Лам, ФТ;00-001190;Отгрузить;29 июня 2026 г.;НФ00-003091;Покупатель 2;477
GECO Крем универсальный СП, 2 л, Картридж, Крышка;00-001417;Отгрузить;29 июня 2026 г.;НФ00-003091;Покупатель 2;8
GECO Паста для очистки СП, 2 л, Картридж, Крышка;00-001418;Отгрузить;29 июня 2026 г.;НФ00-003091;Покупатель 2;17
GECO Крем мороз, 100 мл, Лам, ФТ;00-000630;Отгрузить;30 июля 2026 г.;НФ00-003092;Покупатель 2;376
GECO Крем регенерирующий СП, 100 мл, Лам, ФТ;00-000771;Отгрузить;30 июля 2026 г.;НФ00-003092;Покупатель 2;2432
GECO Крем универсальный СП, 100 мл, Лам, ФТ;00-001190;Отгрузить;30 июля 2026 г.;НФ00-003092;Покупатель 2;1519
GECO Крем универсальный СП, 2 л, Картридж, Крышка;00-001417;Отгрузить;30 июля 2026 г.;НФ00-003092;Покупатель 2;7
GECO Паста для очистки СП, 2 л, Картридж, Крышка;00-001418;Отгрузить;30 июля 2026 г.;НФ00-003092;Покупатель 2;17
GECO Крем мороз, 100 мл, Лам, ФТ;00-000630;Отгрузить;28 августа 2026 г.;НФ00-003093;Покупатель 2;9914
GECO Крем регенерирующий СП, 100 мл, Лам, ФТ;00-000771;Отгрузить;28 августа 2026 г.;НФ00-003093;Покупатель 2;3266
GECO Крем универсальный СП, 100 мл, Лам, ФТ;00-001190;Отгрузить;28 августа 2026 г.;НФ00-003093;Покупатель 2;3176
GECO Крем универсальный СП, 2 л, Картридж, Крышка;00-001417;Отгрузить;28 августа 2026 г.;НФ00-003093;Покупатель 2;8
GECO Паста для очистки СП, 2 л, Картридж, Крышка;00-001418;Отгрузить;28 августа 2026 г.;НФ00-003093;Покупатель 2;17
GECO Крем мороз, 100 мл, Лам, ФТ;00-000630;Отгрузить;29 сентября 2026 г.;НФ00-003094;Покупатель 2;8943
GECO Крем регенерирующий СП, 100 мл, Лам, ФТ;00-000771;Отгрузить;29 сентября 2026 г.;НФ00-003094;Покупатель 2;595
GECO Крем универсальный СП, 100 мл, Лам, ФТ;00-001190;Отгрузить;29 сентября 2026 г.;НФ00-003094;Покупатель 2;180
GECO Крем универсальный СП, 2 л, Картридж, Крышка;00-001417;Отгрузить;29 сентября 2026 г.;НФ00-003094;Покупатель 2;7
GECO Паста для очистки СП, 2 л, Картридж, Крышка;00-001418;Отгрузить;29 сентября 2026 г.;НФ00-003094;Покупатель 2;17
GECO Крем мороз, 100 мл, Лам, ФТ;00-000630;В работе;18 марта 2026 г.;НФ00-003095;Покупатель 2;4518
GECO Крем регенерирующий СП, 100 мл, Лам, ФТ;00-000771;В работе;18 марта 2026 г.;НФ00-003095;Покупатель 2;287
GECO Крем универсальный СП, 100 мл, Лам, ФТ;00-001190;В работе;18 марта 2026 г.;НФ00-003095;Покупатель 2;180
GECO Крем универсальный СП, 2 л, Картридж, Крышка;00-001417;В работе;18 марта 2026 г.;НФ00-003095;Покупатель 2;8
GECO Паста для очистки СП, 2 л, Картридж, Крышка;00-001418;В работе;18 марта 2026 г.;НФ00-003095;Покупатель 2;18
GECO Крем гидрофильный СП, 100 мл, Лам, Винт;00-000968;Отгрузить;30 февраля 2026 г.;НФ00-003143;Покупатель 15;340
GECO Крем гидрофобный СП, 100 мл, Лам, Винт;00-000967;Отгрузить;30 февраля 2026 г.;НФ00-003143;Покупатель 15;68
GECO Крем универсальный СП, 100 мл, Лам, Винт;00-000970;Отгрузить;30 февраля 2026 г.;НФ00-003143;Покупатель 15;21
GECO Крем УФ, 100 мл, Лам, Винт;00-000634;Отгрузить;30 февраля 2026 г.;НФ00-003143;Покупатель 15;11
GECO Паста для очистки СП, 200 мл, Экст, Винт;00-000648;Отгрузить;30 февраля 2026 г.;НФ00-003143;Покупатель 15;357
GECO Спрей от пота АНТИБАКТЕР., 100 мл, Флакон, Распылитель;00-001645;Отгрузить;30 февраля 2026 г.;НФ00-003143;Покупатель 15;545
GECO Крем гидрофильный СП, 100 мл, Лам, Винт;00-000968;Отгрузить;26 февраля 2026 г.;НФ00-003147;Покупатель 15;352
GECO Крем гидрофобный СП, 100 мл, Лам, Винт;00-000967;Отгрузить;26 февраля 2026 г.;НФ00-003147;Покупатель 15;104
GECO Крем универсальный СП, 100 мл, Лам, Винт;00-000970;Отгрузить;26 февраля 2026 г.;НФ00-003147;Покупатель 15;99
GECO Крем УФ, 100 мл, Лам, Винт;00-000634;Отгрузить;26 февраля 2026 г.;НФ00-003147;Покупатель 15;11
GECO Паста для очистки СП, 200 мл, Экст, Винт;00-000648;Отгрузить;26 февраля 2026 г.;НФ00-003147;Покупатель 15;369
GECO Спрей от пота АНТИБАКТЕР., 100 мл, Флакон, Распылитель;00-001645;Отгрузить;26 февраля 2026 г.;НФ00-003147;Покупатель 15;673
GECO Крем гидрофильный СП, 100 мл, Лам, Винт;00-000968;Отгрузить;30 марта 2026 г.;НФ00-003148;Покупатель 15;340
GECO Крем гидрофобный СП, 100 мл, Лам, Винт;00-000967;Отгрузить;30 марта 2026 г.;НФ00-003148;Покупатель 15;68
GECO Крем универсальный СП, 100 мл, Лам, Винт;00-000970;Отгрузить;30 марта 2026 г.;НФ00-003148;Покупатель 15;21
GECO Крем УФ, 100 мл, Лам, Винт;00-000634;Отгрузить;30 марта 2026 г.;НФ00-003148;Покупатель 15;11
GECO Паста для очистки СП, 200 мл, Экст, Винт;00-000648;Отгрузить;30 марта 2026 г.;НФ00-003148;Покупатель 15;357
GECO Спрей от пота АНТИБАКТЕР., 100 мл, Флакон, Распылитель;00-001645;Отгрузить;30 марта 2026 г.;НФ00-003148;Покупатель 15;545
GECO Крем гидрофильный СП, 100 мл, Лам, Винт;00-000968;Отгрузить;13 февраля 2026 г.;НФ00-003178;Покупатель 14;700
GECO Крем гидрофобный СП, 100 мл, Лам, Винт;00-000967;Отгрузить;13 февраля 2026 г.;НФ00-003178;Покупатель 14;5700
GECO Крем УФ, 100 мл, Лам, Винт;00-000634;Отгрузить;13 февраля 2026 г.;НФ00-003178;Покупатель 14;122
GECO Паста для очистки СП, 200 мл, Экст, Винт;00-000648;Отгрузить;13 февраля 2026 г.;НФ00-003178;Покупатель 14;2412
GECO Спрей от насекомых 3в1, 200 мл, Флакон, Распылитель;00-001401;Отгрузить;13 февраля 2026 г.;НФ00-003178;Покупатель 14;1100
GECO Спрей от пота АНТИБАКТЕР., 100 мл, Флакон, Распылитель;00-001645;Отгрузить;13 февраля 2026 г.;НФ00-003178;Покупатель 14;4464
GECO Крем гидрофильный СП, 100 мл, Лам, Винт;00-000968;Отгрузить;29 июня 2026 г.;НФ00-003181;Покупатель 14;323
GECO Крем гидрофобный СП, 100 мл, Лам, Винт;00-000967;Отгрузить;29 июня 2026 г.;НФ00-003181;Покупатель 14;3192
GECO Крем мороз, 100 мл, Лам, Винт;00-000631;Отгрузить;29 июня 2026 г.;НФ00-003181;Покупатель 14;70
GECO Крем УФ, 100 мл, Лам, Винт;00-000634;Отгрузить;29 июня 2026 г.;НФ00-003181;Покупатель 14;200
GECO Паста для очистки СП, 200 мл, Экст, Винт;00-000648;Отгрузить;29 июня 2026 г.;НФ00-003181;Покупатель 14;1200
GECO Спрей от насекомых 3в1, 100 мл, Флакон, Распылитель;00-001425;Отгрузить;29 июня 2026 г.;НФ00-003181;Покупатель 14;2270
GECO Спрей от насекомых 3в1, 200 мл, Флакон, Распылитель;00-001401;Отгрузить;29 июня 2026 г.;НФ00-003181;Покупатель 14;1004
GECO Спрей от пота АНТИБАКТЕР., 100 мл, Флакон, Распылитель;00-001645;Отгрузить;29 июня 2026 г.;НФ00-003181;Покупатель 14;3769
